City_ID,City,Lat,Lng,Max Temp,Humidity,Cloudiness,Wind Speed,Country,Date
0,hithadhoo,-0.6,73.0833,300.76,74,100,3.71,MV,1676823605
1,cherskiy,68.75,161.3,241.43,95,100,1.38,RU,1676823606
2,hilo,19.7297,-155.09,293.77,94,100,0.45,US,1676823606
3,vermillion,42.7794,-96.9292,273.24,89,54,3.95,US,1676823362
4,cape town,-33.9258,18.4232,296.38,64,20,5.81,ZA,1676823607
5,urengoy,65.9667,78.3667,249.01,100,99,1.26,RU,1676823608
6,rikitea,-23.1203,-134.9692,299.71,73,41,7.72,PF,1676823609
7,itoigawa,37.0333,137.85,278.16,94,99,7.38,JP,1676823610
8,guerrero negro,27.9769,-114.0611,288.38,66,100,2.26,MX,1676823610
9,deputatskiy,69.3,139.9,232.96,99,41,2.33,RU,1676823611
10,kutum,14.2,24.6667,297.0,10,1,5.31,SD,1676823612
11,thompson,55.7435,-97.8558,239.24,75,0,2.06,CA,1676823613
12,cabo san lucas,22.8909,-109.9124,295.66,64,0,5.14,MX,1676823596
13,bafia,4.75,11.2333,310.83,12,3,0.34,CM,1676823614
14,victoria,22.2855,114.1577,294.18,80,99,4.02,HK,1676823615
15,busselton,-33.65,115.3333,293.08,63,0,6.45,AU,1676823454
16,oranjemund,-28.55,16.4333,294.16,70,40,5.14,NA,1676823615
17,thames,-37.1333,175.5333,286.45,88,12,1.59,NZ,1676823616
18,roma,43.2128,-75.4557,278.61,62,75,4.12,US,1676823328
19,lavrentiya,65.5833,-171.0,247.09,94,90,1.55,RU,1676823618
20,katsuura,35.1333,140.3,285.56,67,99,4.47,JP,1676823619
21,atuona,-9.8,-139.0333,298.88,80,63,5.23,PF,1676823619
22,klaksvik,62.2266,-6.589,282.66,97,100,10.74,FO,1676823620
23,kahului,20.8947,-156.47,294.73,94,0,2.24,US,1676823620
24,fortuna,40.5982,-124.1573,277.55,96,0,0.0,US,1676823621
25,iracoubo,5.4802,-53.2011,298.85,77,100,5.6,GF,1676823622
26,san patricio,28.017,-97.5169,294.08,72,93,1.83,US,1676823623
27,puerto ayora,-0.7393,-90.3518,303.13,91,20,4.47,EC,1676823623
28,los llanos de aridane,28.6585,-17.9182,291.01,78,75,4.12,ES,1676823624
29,ushuaia,-54.8,-68.3,281.94,66,75,8.75,AR,1676823478
30,melchor de mencos,17.0686,-89.1522,297.15,83,75,3.09,GT,1676823625
31,tuktoyaktuk,69.4541,-133.0374,239.15,68,40,2.57,CA,1676823625
32,ranikhet,29.65,79.4167,283.06,53,94,1.28,IN,1676823626
33,avarua,-21.2078,-159.775,297.18,94,27,1.54,CK,1676823626
34,cidreira,-30.1811,-50.2056,296.21,46,0,5.15,BR,1676823627
35,tiznit,29.5833,-9.5,294.02,25,0,7.5,MA,1676823628
36,east london,-33.0153,27.9116,299.67,78,0,3.6,ZA,1676823628
37,kapaa,22.0752,-159.319,294.33,94,75,2.06,US,1676823584
38,albany,42.6001,-73.9662,278.83,53,100,1.79,US,1676823629
39,dongsheng,39.8161,109.9776,268.4,27,0,2.56,CN,1676823630
40,new norfolk,-42.7826,147.0587,291.44,55,98,2.68,AU,1676823630
41,tura,25.5198,90.2201,292.4,46,0,1.62,IN,1676823631
42,punta arenas,-53.15,-70.9167,282.21,57,40,9.77,CL,1676823370
43,bluff,-46.6,168.3333,285.95,84,80,2.86,NZ,1676823631
44,torbay,47.6666,-52.7314,269.41,85,100,8.23,CA,1676823632
45,saldanha,-33.0117,17.9442,294.18,78,32,4.99,ZA,1676823633
46,trofors,65.5333,13.4063,273.08,98,87,2.37,NO,1676823633
47,nanortalik,60.1432,-45.2371,267.72,79,100,4.85,GL,1676823634
48,burtunay,42.9886,46.6303,271.73,80,100,2.34,RU,1676823634
49,hermanus,-34.4187,19.2345,293.04,72,14,7.99,ZA,1676823635
50,norman wells,65.282,-126.8329,249.17,70,100,2.06,CA,1676823635
51,marawi,7.9986,124.2928,293.79,89,100,2.1,PH,1676823636
52,qaanaaq,77.484,-69.3632,257.66,68,98,3.91,GL,1676823636
53,ponta do sol,32.6667,-17.1,292.66,62,34,1.3,PT,1676823637
54,vaini,-21.2,-175.2,297.24,100,40,0.0,TO,1676823637
55,barrow,71.2906,-156.7887,251.16,77,100,1.54,US,1676823638
56,kipushi,-11.7667,27.2333,292.41,92,100,2.53,CD,1676823638
57,kaitangata,-46.2817,169.8464,284.87,95,90,2.44,NZ,1676823639
58,luwuk,-0.9516,122.7875,298.65,91,100,0.9,ID,1676823640
59,georgetown,5.4112,100.3354,300.11,93,40,3.6,MY,1676823599
60,sur,22.5667,59.5289,296.06,71,6,2.94,OM,1676823640
61,srednekolymsk,67.45,153.6833,239.14,97,100,2.58,RU,1676823641
62,port alfred,-33.5906,26.891,298.25,83,1,0.89,ZA,1676823641
63,borger,52.9233,6.7931,281.19,80,100,3.07,NL,1676823642
64,lima,-12.0432,-77.0282,296.29,78,40,3.09,PE,1676823643
65,smithers,54.7804,-127.1743,274.33,80,100,1.03,CA,1676823371
66,prince rupert,54.3161,-130.3201,278.98,87,100,3.09,CA,1676823613
67,bredasdorp,-34.5322,20.0403,296.64,54,12,7.97,ZA,1676823643
68,leirvik,59.7798,5.5005,279.05,100,75,3.09,NO,1676823644
69,sohbatpur,28.5202,68.5434,298.35,13,91,2.06,PK,1676823644
70,balykshi,47.0667,51.8667,274.15,93,100,7.0,KZ,1676823645
71,carnarvon,-24.8667,113.6333,297.14,82,0,9.28,AU,1676823645
72,caravelas,-17.7125,-39.2481,303.06,56,100,3.85,BR,1676823645
73,souillac,-20.5167,57.5167,300.36,89,75,5.14,MU,1676823646
74,butaritari,3.0707,172.7902,299.83,77,77,2.26,KI,1676823646
75,dikson,73.5069,80.5464,265.41,95,100,7.21,RU,1676823646
76,atambua,-9.1061,124.8925,296.31,88,92,0.52,ID,1676823647
77,northam,51.0333,-4.2167,282.81,91,76,5.36,GB,1676823647
78,tondano,1.3038,124.9112,294.2,93,100,0.46,ID,1676823648
79,castro,-24.7911,-50.0119,290.37,80,100,3.27,BR,1676823648
80,walvis bay,-22.9575,14.5053,293.39,71,35,6.92,NA,1676823649
81,sampit,-2.5333,112.95,296.95,97,89,1.4,ID,1676823472
82,aviles,43.5547,-5.9248,287.14,80,75,5.14,ES,1676823649
83,tiksi,71.6872,128.8694,241.05,98,52,3.8,RU,1676823650
84,vondrozo,-22.8167,47.2833,294.63,90,20,1.18,MG,1676823650
85,leninkent,42.9689,47.352,280.45,66,97,2.59,RU,1676823650
86,victoria point,-27.5833,153.3,297.56,76,100,0.89,AU,1676823651
87,tasiilaq,65.6145,-37.6368,266.15,91,100,3.21,GL,1676823651
88,mahebourg,-20.4081,57.7,300.51,89,75,5.14,MU,1676823651
89,boende,-0.2167,20.8667,306.43,26,100,0.78,CD,1676823652
90,midleton,51.9153,-8.1805,284.89,90,56,6.65,IE,1676823652
91,sinnamary,5.3833,-52.95,298.14,83,100,5.61,GF,1676823652
92,inhambane,-23.865,35.3833,302.14,79,40,7.2,MZ,1676823653
93,belaya gora,68.5333,146.4167,228.48,100,78,1.28,RU,1676823653
94,mataura,-46.1927,168.8643,283.05,99,62,1.37,NZ,1676823653
95,constitucion,-35.3333,-72.4167,294.2,51,1,3.49,CL,1676823654
96,lasa,46.6166,10.7002,287.64,88,13,3.29,IT,1676823654
97,ancud,-41.8697,-73.8203,288.74,59,62,3.45,CL,1676823654
98,ostrovnoy,68.0531,39.5131,263.88,89,90,7.14,RU,1676823655
99,auki,-8.7676,160.7034,298.57,85,84,0.6,SB,1676823655
100,balkanabat,39.5108,54.3671,282.86,35,5,0.9,TM,1676823656
101,fare,-16.7,-151.0167,300.45,72,8,2.47,PF,1676823656
102,te anau,-45.4167,167.7167,287.64,92,96,1.15,NZ,1676823656
103,vanino,49.0869,140.2543,256.35,96,99,1.7,RU,1676823657
104,de-kastri,51.4667,140.7833,256.93,98,99,0.77,RU,1676823657
105,desaguadero,-16.5656,-69.0417,285.74,49,83,1.35,PE,1676823658
106,chapais,49.7834,-74.8492,265.03,89,100,5.23,CA,1676823469
107,arraial do cabo,-22.9661,-42.0278,304.13,70,0,7.72,BR,1676823658
108,champerico,14.3,-91.9167,304.45,51,34,2.3,GT,1676823659
109,laureles,26.1092,-97.4941,295.99,76,0,3.58,US,1676823659
110,barabai,-2.5833,115.3833,296.91,94,76,0.9,ID,1676823659
111,yellowknife,62.456,-114.3525,237.44,68,40,2.57,CA,1676823370
112,padre bernardo,-15.35,-48.5,303.79,45,51,3.35,BR,1676823660
113,bardiyah,31.7561,25.0865,288.27,67,67,4.84,LY,1676823660
114,nemuro,43.3236,145.575,270.87,97,100,5.24,JP,1676823660
115,port elizabeth,-33.918,25.5701,300.98,78,0,4.12,ZA,1676823661
116,okhotsk,59.3833,143.3,246.26,88,15,3.38,RU,1676823661
117,sibolga,1.7427,98.7792,298.48,88,99,1.29,ID,1676823662
118,clyde river,70.4692,-68.5914,247.28,64,100,1.54,CA,1676823662
119,vardo,70.3705,31.1107,269.14,93,100,6.17,NO,1676823663
120,port augusta,-32.5,137.7667,296.44,42,0,4.03,AU,1676823663
121,bria,6.5423,21.9863,308.81,12,98,3.14,CF,1676823663
122,kindu,-2.95,25.95,302.23,55,83,1.02,CD,1676823664
123,upernavik,72.7868,-56.1549,258.0,88,100,5.21,GL,1676823664
124,gornopravdinsk,60.05,69.9,259.12,99,100,1.02,RU,1676823665
125,mishan,45.55,131.8833,255.66,96,97,1.3,CN,1676823666
126,bamberg,49.8795,10.8863,283.06,80,89,4.43,DE,1676823666
127,valreas,44.3837,4.9908,289.05,65,100,7.73,FR,1676823667
128,urubicha,-15.3833,-62.95,296.07,39,84,2.76,BO,1676823667
129,lompoc,34.6391,-120.4579,286.92,48,29,1.54,US,1676823668
130,ilhabela,-23.7781,-45.3581,298.64,88,100,3.43,BR,1676823668
131,severo-yeniseyskiy,60.3725,93.0408,263.02,90,90,3.97,RU,1676823669
132,coquimbo,-29.9533,-71.3436,297.0,56,0,6.17,CL,1676823669
133,kieta,-6.2167,155.6333,298.88,84,92,0.68,PG,1676823669
134,hobart,-42.8794,147.3294,291.63,63,40,2.57,AU,1676823670
135,jalu,29.0331,21.5482,290.17,36,0,3.66,LY,1676823670
136,luderitz,-26.6481,15.1594,293.66,70,0,5.27,NA,1676823671
137,sao filipe,14.8961,-24.4956,295.53,71,84,3.7,CV,1676823671
138,flin flon,54.7682,-101.865,240.06,62,20,2.06,CA,1676823671
139,lata,40.1629,-8.3327,295.09,43,12,2.86,PT,1676823672
140,kodiak,57.79,-152.4072,273.88,69,0,0.0,US,1676823672
141,monrovia,6.3005,-10.7969,306.02,69,1,5.53,LR,1676823673
142,longyearbyen,78.2186,15.6401,261.06,61,40,3.6,SJ,1676823673
143,meulaboh,4.1363,96.1285,298.8,86,99,1.11,ID,1676823673
144,sola,-13.8833,167.55,300.62,75,90,5.98,VU,1676823674
145,bonthe,7.5264,-12.505,302.78,63,26,6.24,SL,1676823674
146,wum,6.3833,10.0667,304.46,14,6,3.81,CM,1676823675
147,high prairie,55.4334,-116.4858,264.19,97,99,1.14,CA,1676823675
148,khatanga,71.9667,102.5,256.39,93,15,5.77,RU,1676823675
149,opotiki,-38.0833,177.2833,291.7,92,54,1.45,NZ,1676823676
150,esperance,-33.8667,121.9,292.36,91,60,4.92,AU,1676823676
151,bambous virieux,-20.3428,57.7575,300.49,89,75,5.14,MU,1676823676
152,saint george,37.1041,-113.5841,275.48,69,0,0.0,US,1676823661
153,provideniya,64.3833,-173.3,251.34,99,100,6.3,RU,1676823677
154,huarmey,-10.0681,-78.1522,298.97,72,82,4.1,PE,1676823677
155,raudeberg,61.9875,5.1352,274.74,76,100,6.4,NO,1676823678
156,cape canaveral,28.4058,-80.6048,300.38,77,100,3.09,US,1676823678
157,conroe,30.3119,-95.456,290.76,78,0,2.06,US,1676823678
158,sosnovo-ozerskoye,52.5249,111.5418,246.84,98,5,1.13,RU,1676823679
159,omboue,-1.5746,9.2618,301.45,71,50,3.17,GA,1676823679
160,rawson,-43.3002,-65.1023,295.31,21,0,8.75,AR,1676823679
161,zarubino,42.63,131.0922,267.62,67,26,7.34,RU,1676823680
162,naze,28.3667,129.4833,287.66,67,100,7.64,JP,1676823680
163,caranavi,-15.8167,-67.55,289.51,89,100,0.88,BO,1676823681
164,narsaq,60.9167,-46.05,268.27,76,100,3.22,GL,1676823681
165,vao,-22.6667,167.4833,297.4,75,69,9.36,NC,1676823681
166,henties bay,-22.116,14.2845,292.68,73,51,5.1,NA,1676823682
167,ilulissat,69.2167,-51.1,258.16,78,100,7.2,GL,1676823682
168,hasaki,35.7333,140.8333,283.37,49,100,5.59,JP,1676823683
169,hamilton,39.1834,-84.5333,285.29,42,0,9.26,US,1676823670
170,north bend,43.4065,-124.2243,276.4,99,0,1.54,US,1676823683
171,sao jose da coroa grande,-8.8978,-35.1478,302.41,62,46,4.47,BR,1676823683
172,muros,42.7762,-9.0603,294.64,56,22,1.6,ES,1676823684
173,pimentel,-6.8367,-79.9342,302.31,58,0,4.63,PE,1676823684
174,kemijarvi,66.7131,27.4306,265.63,95,97,2.75,FI,1676823685
175,bastrop,32.7562,-91.8724,286.32,56,0,4.63,US,1676823685
176,faanui,-16.4833,-151.75,300.37,72,9,2.21,PF,1676823685
177,edgewater,28.9889,-80.9023,299.35,78,75,0.0,US,1676823536
178,ribeira grande,38.5167,-28.7,289.37,72,75,4.63,PT,1676823686
179,aklavik,68.2191,-135.0107,248.15,77,75,2.06,CA,1676823686
180,sarandi,-23.4436,-51.8739,299.9,61,75,5.66,BR,1676823688
181,tinskoy,56.1525,96.9161,262.27,98,100,0.55,RU,1676823688
182,sawakin,19.1059,37.3321,296.85,80,91,5.7,SD,1676823689
183,saint-joseph,-21.3667,55.6167,298.97,84,28,6.22,RE,1676823689
184,pallipattu,13.3386,79.4449,296.79,69,2,1.81,IN,1676823690
185,kishorganj,24.4333,90.7667,294.88,45,18,1.68,BD,1676823690
186,halifax,44.6453,-63.5724,276.05,68,17,6.17,CA,1676823593
187,kirovskiy,45.0917,133.5136,255.73,99,99,0.92,RU,1676823691
188,ngaoundere,7.3167,13.5833,303.76,13,5,4.23,CM,1676823691
189,dalbandin,28.8947,64.4101,295.55,25,100,1.39,PK,1676823692
190,avera,33.194,-82.5271,287.8,70,98,1.07,US,1676823692
191,nikolskoye,59.7035,30.7861,269.09,95,100,2.83,RU,1676823692
192,ulaangom,49.9811,92.0667,249.52,97,100,0.78,MN,1676823693
193,isugod,9.3408,118.1196,298.49,86,85,4.04,PH,1676823693
194,hirara,24.8,125.2833,292.21,78,100,12.3,JP,1676823694
195,dudinka,69.4058,86.1778,252.78,99,42,3.95,RU,1676823694
196,port hardy,50.6996,-127.4199,280.25,100,100,2.06,CA,1676823694
197,dingle,10.9995,122.6711,296.86,93,73,0.81,PH,1676823695
198,ahipara,-35.1667,173.1667,288.96,90,18,1.69,NZ,1676823695
199,stupari,44.3147,18.6842,285.25,54,20,4.12,BA,1676823695
200,abasolo,20.45,-101.5167,290.82,31,0,1.57,MX,1676823696
201,ganzhou,28.8184,115.4327,283.32,73,100,2.15,CN,1676823696
202,yurimaguas,-5.9,-76.0833,298.24,88,75,0.0,PE,1676823697
203,weligama,5.9667,80.4167,297.46,91,95,1.86,LK,1676823697
204,kiama,-34.6833,150.8667,296.25,87,22,0.45,AU,1676823528
205,hambantota,6.1241,81.1185,299.11,81,80,7.74,LK,1676823698
206,bethel,41.3712,-73.414,280.2,48,0,4.12,US,1676823698
207,chaplynka,46.3651,33.5403,277.92,75,100,3.93,UA,1676823698
208,brodokalmak,55.5748,62.082,254.75,100,87,2.1,RU,1676823699
209,narrabri,-30.3167,149.7833,298.44,63,99,0.45,AU,1676823699
210,hami,42.8,93.45,273.58,25,98,1.63,CN,1676823699
211,florence,43.7667,11.25,287.76,78,75,3.6,IT,1676823226
212,puerto escondido,15.85,-97.0667,303.61,70,0,2.57,MX,1676823700
213,dalen,52.6992,6.7556,281.51,84,100,2.68,NL,1676823700
214,rio grande,-32.035,-52.0986,299.21,43,100,5.49,BR,1676823701
215,homer,59.6425,-151.5483,274.08,93,100,2.57,US,1676823701
216,hay river,60.8156,-115.7999,241.13,68,20,1.03,CA,1676823702
217,puerto leguizamo,-0.1934,-74.7819,304.97,34,28,2.54,CO,1676823702
218,copperas cove,31.1241,-97.9031,288.01,60,20,4.63,US,1676823545
219,colares,38.7992,-9.4469,292.22,52,0,5.36,PT,1676823703
220,ossora,59.2353,163.0719,253.24,85,100,1.79,RU,1676823703
221,komsomolskiy,40.4272,71.7189,277.55,87,40,2.06,UZ,1676823703
222,moyobamba,-6.05,-76.9667,298.04,69,86,1.36,PE,1676823704
223,aitape,-3.1374,142.3475,298.16,90,100,1.97,PG,1676823704
224,isangel,-19.55,169.2667,298.39,76,12,4.91,VU,1676823704
225,miri,4.4148,114.0089,298.23,94,40,1.54,MY,1676823705
226,jensen beach,27.2545,-80.2298,301.53,69,75,4.63,US,1676823705
227,shingu,33.7333,135.9833,281.59,72,99,2.97,JP,1676823705
228,pacific grove,36.6177,-121.9166,285.18,66,0,1.54,US,1676823512
229,valparaiso,-33.0393,-71.6273,296.28,56,0,5.14,CL,1676823706
230,sitka,57.0531,-135.33,277.09,87,100,2.06,US,1676823707
231,santiago de cao,-7.9589,-79.2392,299.22,78,20,4.63,PE,1676823707
232,hindoria,23.9,79.5667,295.69,24,0,1.1,IN,1676823707
233,jamestown,42.097,-79.2353,280.38,43,100,7.2,US,1676823706
234,heidelberg,-26.5048,28.3592,293.58,83,100,1.26,ZA,1676823552
235,nushki,29.5542,66.0215,292.77,29,99,2.14,PK,1676823708
236,iralaya,15.0,-83.2333,299.81,72,23,5.02,HN,1676823708
237,matsubase,32.65,130.6667,279.36,76,83,1.8,JP,1676823709
238,vilyuysk,63.7553,121.6247,236.32,100,91,1.23,RU,1676823709
239,lebu,-37.6167,-73.65,291.19,69,1,7.61,CL,1676823710
240,takoradi,4.8845,-1.7554,301.93,61,53,4.76,GH,1676823710
241,havoysund,70.9963,24.6622,274.28,80,100,9.64,NO,1676823710
242,paamiut,61.994,-49.6678,264.93,85,100,2.02,GL,1676823711
243,maragogi,-9.0122,-35.2225,302.48,62,36,4.73,BR,1676823590
244,newala,-10.9431,39.2787,294.81,87,99,2.35,TZ,1676823711
245,lichinga,-13.3128,35.2406,296.2,83,75,2.57,MZ,1676823712
246,soyo,-6.1349,12.3689,299.96,81,100,5.31,AO,1676823712
247,stephenville crossing,48.5,-58.4318,271.22,69,75,5.14,CA,1676823713
248,codrington,-38.2667,141.9667,286.07,93,1,1.5,AU,1676823713
249,krasnyye tkachi,57.4926,39.7563,266.05,93,100,6.63,RU,1676823713
250,zabaykalsk,49.6333,117.3167,249.88,94,20,3.2,RU,1676823714
251,xichang,27.8964,102.2634,283.54,75,82,1.75,CN,1676823714
252,richards bay,-28.783,32.0377,300.18,78,65,4.59,ZA,1676823715
253,ixtapa,20.7,-105.2,296.72,57,0,1.03,MX,1676823715
254,haines junction,60.7522,-137.5108,259.12,85,100,0.51,CA,1676823716
255,chokurdakh,70.6333,147.9167,227.33,100,72,0.35,RU,1676823716
256,moron,-34.6534,-58.6198,298.68,32,0,3.56,AR,1676823716
257,kant,27.8,79.8,292.45,53,34,1.08,IN,1676823717
258,vila velha,-20.3297,-40.2925,303.12,84,40,4.63,BR,1676823717
259,oktyabrskiy,54.4815,53.471,254.65,100,80,1.78,RU,1676823717
260,jvari,42.7169,42.052,277.33,99,100,0.8,GE,1676823718
261,kenora,49.8167,-94.4337,257.69,72,20,4.12,CA,1676823463
262,kavieng,-2.5744,150.7967,300.75,75,46,1.91,PG,1676823718
263,biak,-0.9131,122.8766,297.7,89,100,1.01,ID,1676823718
264,arlit,18.7369,7.3853,302.43,6,0,2.71,NE,1676823719
265,mrgashen,40.2852,44.5411,276.08,45,40,5.66,AM,1676823719
266,saint-philippe,-21.3585,55.7679,298.92,86,41,5.72,RE,1676823720
267,chuy,-33.6971,-53.4616,296.0,29,54,3.53,UY,1676823720
268,ketchikan,55.3422,-131.6461,279.14,93,100,0.0,US,1676823720
269,beloha,-25.1667,45.05,300.8,66,66,3.1,MG,1676823720
270,sisimiut,66.9395,-53.6735,257.55,92,100,6.19,GL,1676823721
271,riyadh,24.6877,46.7219,289.23,19,100,4.12,SA,1676823437
272,ovre ardal,61.3167,7.8,271.64,99,98,0.53,NO,1676823468
273,waw,7.7029,27.9953,305.6,17,61,2.21,SS,1676823722
274,udachnyy,66.4167,112.4,252.45,97,95,2.35,RU,1676823722
275,batemans bay,-35.7167,150.1833,293.76,94,4,1.47,AU,1676823723
276,araouane,18.9048,-3.5265,304.59,7,2,5.36,ML,1676823724
277,bengkulu,-3.8004,102.2655,297.34,91,100,2.01,ID,1676823724
278,nome,64.5011,-165.4064,259.19,78,100,4.12,US,1676823725
279,faya,18.3851,42.4509,290.21,61,7,2.31,SA,1676823725
280,gamba,-2.65,10.0,301.39,72,21,3.32,GA,1676823726
281,darnah,32.767,22.6367,287.92,72,39,6.13,LY,1676823726
282,salalah,17.0151,54.0924,303.2,23,0,6.69,OM,1676823727
283,albenga,44.0529,8.216,288.17,87,75,3.6,IT,1676823728
284,gameza,5.8026,-72.8059,291.14,54,14,1.39,CO,1676823728
285,tiarei,-17.5333,-149.3333,297.16,74,36,2.95,PF,1676823729
286,montijo,38.7067,-8.9739,293.28,61,0,4.12,PT,1676823730
287,portree,57.4129,-6.1942,282.88,95,100,10.82,GB,1676823730
288,berbera,10.4396,45.0143,298.48,65,6,3.86,SO,1676823731
289,san cristobal,7.7669,-72.225,296.25,33,24,1.95,VE,1676823731
290,matay,28.419,30.7792,292.12,36,0,6.74,EG,1676823732
291,ola,59.5833,151.2833,244.76,87,12,3.96,RU,1676823732
292,rudbar,30.15,62.6,292.7,37,95,3.37,AF,1676823734
293,mount kisco,41.2043,-73.7271,280.72,54,0,3.6,US,1676823734
294,dakoro,14.5106,6.765,302.51,7,2,8.03,NE,1676823735
295,margate,51.3813,1.3862,286.1,59,39,0.89,GB,1676823735
296,cap malheureux,-19.9842,57.6142,300.63,76,5,2.24,MU,1676823736
297,port lincoln,-34.7333,135.8667,292.28,81,0,4.52,AU,1676823736
298,mar del plata,-38.0023,-57.5575,296.94,39,0,8.75,AR,1676823737
299,lubao,14.9167,120.55,299.99,78,100,0.68,PH,1676823738
300,saint-leu,-21.15,55.2833,300.55,93,15,5.54,RE,1676823738
301,denpasar,-8.65,115.2167,300.96,88,40,6.69,ID,1676823533
302,coromandel,-18.4733,-47.2003,299.08,62,64,4.05,BR,1676823739
303,rudnogorsk,57.2639,103.7519,247.54,100,40,1.22,RU,1676823739
304,safford,32.834,-109.7076,285.99,43,100,4.12,US,1676823673
305,alice springs,-23.7,133.8833,297.9,57,0,2.57,AU,1676823740
306,geraldton,-28.7667,114.6,295.38,88,100,4.63,AU,1676823741
307,kurikka,62.6167,22.4167,270.13,96,100,2.35,FI,1676823741
308,nandi,13.3855,77.6984,295.83,45,0,3.05,IN,1676823742
309,beihai,21.4833,109.1,292.13,64,57,6.34,CN,1676823742
310,asfi,32.2994,-9.2372,291.94,66,96,5.14,MA,1676823743
311,mehriz,31.5917,54.4318,282.43,32,1,1.14,IR,1676823743
312,rundu,-17.9333,19.7667,304.7,18,100,3.36,NA,1676823744
313,gediz,39.0417,29.41,281.06,62,10,2.26,TR,1676823745
314,garowe,8.4054,48.4845,299.73,19,30,8.68,SO,1676823745
315,iqaluit,63.7506,-68.5145,237.42,66,75,1.03,CA,1676823746
316,velizh,55.6056,31.1967,270.64,90,72,5.01,RU,1676823746
317,vizinga,61.0749,50.1031,258.84,98,100,2.04,RU,1676823560
318,bandarbeyla,9.4942,50.8122,297.59,75,26,9.88,SO,1676823747
319,balagansk,54.0103,103.0544,249.16,100,36,1.08,RU,1676823747
320,sioux lookout,50.1001,-91.917,257.19,78,100,6.17,CA,1676823748
321,yabrud,33.9674,36.6574,279.73,48,0,0.16,SY,1676823748
322,gulfport,30.3674,-89.0928,288.74,53,0,1.54,US,1676823580
323,ereymentau,51.6199,73.1033,258.59,94,86,3.63,KZ,1676823749
324,sydney mines,46.2367,-60.2177,273.78,69,20,6.69,CA,1676823750
325,mumbwa,-14.9783,27.0619,295.21,84,99,1.74,ZM,1676823750
326,buala,-8.145,159.5921,299.08,82,100,1.61,SB,1676823752
327,sao joao da barra,-21.6403,-41.0511,303.2,80,100,5.49,BR,1676823753
328,shirokiy,49.758,129.523,248.91,99,73,2.93,RU,1676823754
329,miracema do tocantins,-9.5618,-48.3967,301.44,73,99,1.97,BR,1676823754
330,karratha,-20.7377,116.8463,303.98,58,74,9.16,AU,1676823755
331,cabrobo,-8.5142,-39.31,308.75,25,14,5.32,BR,1676823755
332,lorengau,-2.0226,147.2712,300.16,75,73,0.42,PG,1676823756
333,agadir,30.4202,-9.5982,297.4,37,2,1.45,MA,1676823756
334,nangong,37.3581,115.3744,277.84,28,0,2.52,CN,1676823757
335,irbeyskoye,55.6428,95.4522,264.83,96,100,0.38,RU,1676823730
336,garachine,8.0647,-78.3628,300.7,71,80,3.53,PA,1676823758
337,itoman,26.1247,127.6694,292.16,72,75,8.23,JP,1676823758
338,salinopolis,-0.6136,-47.3561,297.34,92,100,4.06,BR,1676823758
339,pevek,69.7008,170.3133,243.64,89,100,0.42,RU,1676823759
340,rio brilhante,-21.8019,-54.5464,296.64,79,100,2.63,BR,1676823701
341,severo-kurilsk,50.6789,156.125,264.34,77,79,6.97,RU,1676823759
342,harper,4.375,-7.7169,302.68,66,38,4.28,LR,1676823760
343,sobolevo,54.4299,31.8996,270.61,84,22,5.75,RU,1676823761
344,mumford,5.2618,-0.759,301.49,60,64,5.04,GH,1676823761
345,bambanglipuro,-7.95,110.2833,298.0,89,75,2.98,ID,1676823761
346,cascais,38.6979,-9.4215,292.32,54,0,5.36,PT,1676823762
347,westport,41.1415,-73.3579,281.66,56,0,1.54,US,1676823762
348,lagoa,39.05,-27.9833,286.75,75,27,1.58,PT,1676823762
349,kavaratti,10.5669,72.642,299.9,72,6,2.68,IN,1676823763
350,alzamay,55.5562,98.6644,259.86,99,100,1.48,RU,1676823763
351,innisfail,-17.5333,146.0333,297.43,89,100,1.59,AU,1676823764
352,palairos,38.7833,20.8833,286.95,72,40,3.6,GR,1676823764
353,nisia floresta,-6.0911,-35.2086,305.6,44,80,5.91,BR,1676823695
354,chekhov,55.1431,37.4711,267.12,97,100,3.02,RU,1676823725
355,maniitsoq,65.4167,-52.9,261.15,85,100,1.95,GL,1676823765
356,yarada,17.65,83.2667,298.33,83,40,1.03,IN,1676823765
357,fort nelson,58.8053,-122.7002,256.92,88,100,0.0,CA,1676823765
358,laguna,38.421,-121.4238,283.03,82,0,0.0,US,1676823514
359,cockburn town,21.4612,-71.1419,298.16,67,1,8.84,TC,1676823614
360,itarema,-2.9248,-39.9167,303.12,60,93,5.65,BR,1676823766
361,tomatlan,19.9333,-105.25,302.46,36,0,0.55,MX,1676823766
362,kamenka,51.3223,42.7678,268.32,97,98,2.49,RU,1676823767
363,berdigestyakh,62.0989,126.6992,238.31,100,92,1.39,RU,1676823767
364,tigzirt,36.8886,4.1198,290.45,58,81,2.42,DZ,1676823767
365,capiibary,-24.8,-56.0333,300.5,44,58,1.01,PY,1676823768
366,pangnirtung,66.1451,-65.7125,234.61,97,97,0.56,CA,1676823768
367,warri,5.5167,5.75,306.45,38,15,5.88,NG,1676823768
368,mayo,38.8876,-76.5119,285.19,53,0,6.69,US,1676823769
369,ruthin,53.1137,-3.3178,284.13,80,90,3.13,GB,1676823769
370,mnogovershinnyy,53.9353,139.9242,247.87,91,57,1.32,RU,1676823769
371,poronaysk,49.2167,143.1167,252.87,99,99,1.2,RU,1676823770
372,chumphon,10.3333,98.8333,293.79,90,90,0.34,TH,1676823770
373,shitanjing,39.2342,106.3439,268.17,38,2,2.46,CN,1676823771
374,necochea,-38.5473,-58.7368,296.58,29,38,8.82,AR,1676823771
375,tacna,-18.0056,-70.2483,301.26,45,0,4.12,PE,1676823771
376,warrington,53.3925,-2.5802,285.07,74,20,5.14,GB,1676823772
377,silver city,32.7701,-108.2803,280.19,78,100,1.54,US,1676823772
378,andijon,40.7821,72.3442,280.75,62,100,1.33,UZ,1676823773
379,poum,-20.2333,164.0167,299.24,70,4,6.5,NC,1676823773
380,koundara,12.4833,-13.3,313.25,13,85,0.94,GN,1676823773
381,vila franca do campo,37.7167,-25.4333,289.38,64,57,2.33,PT,1676823774
382,port blair,11.6667,92.75,299.19,74,37,4.48,IN,1676823774
383,amapa,1.0,-52.0,298.64,92,97,1.78,BR,1676823775
384,quatre cocos,-20.2078,57.7625,300.42,84,19,7.14,MU,1676823775
385,dali,25.7,100.1833,283.58,55,1,2.48,CN,1676823775
386,cervo,43.6702,-7.4101,286.46,88,93,6.49,ES,1676823776
387,munirabad,15.3333,76.3333,298.87,37,0,2.62,IN,1676823776
388,mount gambier,-37.8333,140.7667,285.96,95,1,0.13,AU,1676823776
389,antibes,43.5624,7.1278,288.23,72,75,2.06,FR,1676823777
390,alofi,-19.0595,-169.9187,297.09,88,96,3.09,NU,1676823777
391,sebring,27.4956,-81.4409,299.64,72,40,3.09,US,1676823715
392,tenamaxtlan,20.2167,-104.1667,294.97,42,0,0.92,MX,1676823780
393,ashtabula,41.7001,-80.7665,282.32,52,0,7.72,US,1676823780
394,cabedelo,-6.9811,-34.8339,304.52,67,77,4.57,BR,1676823545
395,matamoros,25.5333,-103.25,287.21,27,0,2.57,MX,1676823781
396,coolum beach,-26.5333,153.1,297.65,90,100,2.72,AU,1676823781
397,pouebo,-20.4,164.5667,296.91,79,31,5.23,NC,1676823782
398,basco,20.4487,121.9702,295.74,76,100,14.57,PH,1676823783
399,butzow,53.85,11.9833,278.82,74,64,3.06,DE,1676823783
400,hofn,64.2539,-15.2082,278.16,87,100,5.66,IS,1676823784
401,susanville,40.4163,-120.653,277.11,70,0,0.0,US,1676823784
402,morant bay,17.8815,-76.4093,301.94,69,25,5.83,JM,1676823785
403,athabasca,54.7169,-113.2854,260.38,94,100,2.71,CA,1676823682
404,les escoumins,48.1111,-69.0236,266.79,77,36,1.58,CA,1676823786
405,pisco,-13.7,-76.2167,301.18,65,0,8.23,PE,1676823787
406,rairangpur,22.2676,86.1751,295.51,46,0,2.55,IN,1676823787
407,tulnici,45.9167,26.6667,279.53,88,96,7.24,RO,1676823788
408,mersing,2.4312,103.8405,299.1,83,20,4.12,MY,1676823789
409,aksu,41.1231,80.2644,275.07,51,98,0.83,CN,1676823640
410,boa vista,2.8197,-60.6733,303.14,54,75,7.2,BR,1676823790
411,san quintin,30.4833,-115.95,287.01,66,0,1.98,MX,1676823790
412,goderich,43.7501,-81.7165,278.66,56,100,8.75,CA,1676823791
413,san jeronimo,-11.9472,-75.2829,285.84,71,100,1.3,PE,1676823791
414,bathsheba,13.2167,-59.5167,301.49,57,75,10.8,BB,1676823792
415,ocampo,21.65,-101.5,287.55,29,0,0.69,MX,1676823792
416,kalengwa,-13.4659,25.0027,291.43,95,100,3.91,ZM,1676823793
417,bloomingdale,27.8936,-82.2404,300.33,73,40,2.57,US,1676823793
418,gat,31.61,34.7642,291.7,3,0,4.3,IL,1676823793
419,buchanan,5.8808,-10.0467,302.81,64,6,5.57,LR,1676823794
420,kerrobert,51.9168,-109.1348,263.18,95,100,3.96,CA,1676823795
421,juan lacaze,-34.4342,-57.4381,299.19,23,0,1.94,UY,1676823795
422,rovaniemi,66.5,25.7167,268.82,93,100,3.09,FI,1676823795
423,astana,51.1801,71.446,254.12,84,0,4.0,KZ,1676823796
424,saint anthony,45.0205,-93.218,273.67,89,100,4.12,US,1676823797
425,inta,66.0317,60.1659,256.45,95,99,1.99,RU,1676823797
426,krasnoselkup,65.7,82.4667,256.34,98,100,1.16,RU,1676823798
427,rafai,4.95,23.9167,307.7,15,86,2.29,CF,1676823798
428,gallup,35.5281,-108.7426,277.57,75,100,0.0,US,1676823502
429,leningradskiy,69.3833,178.4167,238.56,97,99,2.59,RU,1676823799
430,derzhavinsk,51.1,66.3167,267.68,94,100,6.71,KZ,1676823799
431,vagay,57.9375,69.0217,253.11,100,89,1.38,RU,1676823800
432,francistown,-21.17,27.5079,296.99,74,88,2.73,BW,1676823800
433,nagua,19.3832,-69.8474,301.32,73,40,6.17,DO,1676823801
434,vanimo,-2.6741,141.3028,297.94,90,73,2.87,PG,1676823801
435,sungaipenuh,-2.0833,101.3833,291.41,98,100,0.5,ID,1676823802
436,bangassou,4.7413,22.8184,308.19,14,96,1.86,CF,1676823803
437,tsumeb,-19.2333,17.7167,303.42,13,99,7.07,NA,1676823804
438,niquero,20.0431,-77.5828,300.72,52,0,1.64,CU,1676823805
439,tongchuan,35.0806,109.0897,275.56,44,81,1.5,CN,1676823805
440,norrtalje,59.758,18.705,274.27,57,12,5.55,SE,1676823806
441,kashan,33.9831,51.4364,285.92,19,0,0.0,IR,1676823806
442,grafton,42.207,-71.6856,280.29,49,0,4.12,US,1676823807
443,narasannapeta,18.4167,84.05,296.2,80,0,1.78,IN,1676823807
444,alihe,50.5667,123.7167,251.42,97,76,1.85,CN,1676823807
445,celestun,20.8667,-90.4,299.31,68,16,5.08,MX,1676823808
446,guthrie,35.8789,-97.4253,286.23,42,0,5.14,US,1676823808
447,suzhou,31.3114,120.6181,277.08,62,43,2.82,CN,1676823809
448,pemberton,50.3164,-122.8027,276.98,94,100,1.78,CA,1676823809
449,shimoda,34.6667,138.95,282.65,70,86,8.1,JP,1676823810
450,korsakov,46.6328,142.7813,264.06,92,100,6.93,RU,1676823810
451,luoyang,34.6836,112.4536,279.61,32,81,1.58,CN,1676823811
452,lenger,42.183,69.8839,274.84,66,100,3.0,KZ,1676823811
453,yar-sale,66.8333,70.8333,249.78,100,60,2.24,RU,1676823812
454,tongliao,43.6125,122.2653,264.43,44,12,7.8,CN,1676823812
455,hibbing,47.4272,-92.9377,270.93,63,100,8.23,US,1676823813
456,brae,60.3964,-1.353,281.0,94,100,10.71,GB,1676823813
457,kununurra,-15.7667,128.7333,301.14,89,100,2.57,AU,1676823814
458,broome,42.2506,-75.833,278.54,52,100,3.6,US,1676823814
459,mount isa,-20.7333,139.5,295.02,94,94,0.0,AU,1676823815
460,san juan de los lagos,21.25,-102.3,291.51,28,0,2.14,MX,1676823815
461,giyon,8.5333,37.9833,293.19,15,60,6.43,ET,1676823816
462,boyolangu,-8.1181,111.8935,297.36,90,76,1.29,ID,1676823817
463,najran,17.4924,44.1277,292.51,25,0,4.8,SA,1676823648
464,saskylakh,71.9167,114.0833,255.88,92,100,3.8,RU,1676823817
465,ferrol,43.4832,-8.2369,291.12,72,92,6.62,ES,1676823818
466,kuah,6.3265,99.8432,301.14,69,20,2.57,MY,1676823818
467,namibe,-15.1961,12.1522,296.2,62,100,6.06,AO,1676823818
468,tripoli,32.8752,13.1875,288.76,56,0,2.66,LY,1676823545
469,labuhan,-6.8844,112.2051,298.92,85,76,3.8,ID,1676823819
470,kyabe,9.4515,18.9449,309.48,9,13,3.26,TD,1676823819
471,sorong,-0.8833,131.25,299.96,83,100,6.38,ID,1676823819
472,tumsar,21.3833,79.7333,297.1,23,5,1.56,IN,1676823820
473,tautira,-17.7333,-149.15,300.06,75,70,3.27,PF,1676823820
474,samarai,-10.6167,150.6667,300.93,76,96,3.36,PG,1676823820
475,viransehir,37.2353,39.7631,281.14,60,96,1.55,TR,1676823821
476,san antonio,29.4241,-98.4936,289.88,75,20,4.63,US,1676823821
477,aden,12.7794,45.0367,298.54,70,7,4.1,YE,1676823783
478,cayenne,4.9333,-52.3333,301.17,69,100,4.12,GF,1676823822
479,dauphin,51.1494,-100.0502,254.23,71,100,1.03,CA,1676823822
480,nyurba,63.2842,118.3319,245.92,100,66,2.36,RU,1676823823
481,mogadishu,2.0371,45.3438,298.59,76,99,9.61,SO,1676823823
482,vicksburg,32.3526,-90.8779,286.28,44,0,3.6,US,1676823824
483,bukachacha,52.9833,116.9167,249.56,95,4,2.0,RU,1676823824
484,batagay,67.6333,134.6333,231.38,100,49,1.4,RU,1676823825
485,arinos,-15.9169,-46.1056,305.66,37,98,3.22,BR,1676823825
486,mapimi,25.8167,-103.85,288.45,27,43,1.61,MX,1676823826
487,verkhneyarkeyevo,55.4505,54.3145,254.89,100,84,2.69,RU,1676823826
488,samut prakan,13.5,100.45,304.29,52,63,0.97,TH,1676823826
489,panlaitan,12.1191,119.8486,299.44,78,97,6.61,PH,1676823827
490,asau,46.4333,26.4,282.75,85,100,5.41,RO,1676823827
491,kisangani,0.5167,25.2,304.98,28,99,0.36,CD,1676823828
492,redcar,54.6166,-1.06,282.89,63,96,4.92,GB,1676823828
493,aswan,24.0934,32.907,299.76,24,0,4.63,EG,1676823828
494,saint-pierre,-21.3393,55.4781,300.88,83,100,9.26,RE,1676823829
495,bafq,31.6128,55.4107,287.31,26,1,2.88,IR,1676823829
496,zhangjiakou,40.81,114.8794,263.53,79,1,2.59,CN,1676823829
497,chicama,-7.8447,-79.1469,298.45,57,90,3.92,PE,1676823830
498,emba,48.8264,58.1442,272.58,97,100,9.11,KZ,1676823830
499,saint-francois,46.4154,3.9054,282.84,77,100,3.6,FR,1676823737
500,malinovoye ozero,51.6753,79.7825,255.24,100,87,1.32,RU,1676823830
501,barra patuca,15.8,-84.2833,300.1,69,19,5.38,HN,1676823831
502,tambura,5.6,27.4667,306.37,17,92,3.1,SS,1676823831
503,broken hill,-31.95,141.4333,297.58,21,0,4.3,AU,1676823831
504,birjand,32.8663,59.2211,279.41,36,0,0.0,IR,1676823832
505,bonavista,48.6499,-53.1147,269.75,74,45,8.02,CA,1676823832
506,kirakira,-10.4544,161.9205,299.12,82,100,0.51,SB,1676823832
507,upata,8.0086,-62.3989,301.03,34,5,2.98,VE,1676823813
508,yangjiang,21.85,111.9667,293.89,63,99,4.83,CN,1676823795
509,puerto colombia,10.9878,-74.9547,302.2,68,0,9.42,CO,1676823833
510,kalmunai,7.4167,81.8167,298.32,86,36,3.8,LK,1676823833
511,launceston,-41.45,147.1667,289.15,80,71,5.14,AU,1676823834
512,peace river,56.2501,-117.286,261.32,96,100,2.57,CA,1676823834
513,sarab,38.6066,44.9883,276.08,56,67,1.59,IR,1676823834
514,panaba,21.2833,-88.2667,301.24,51,24,5.45,MX,1676823835
515,kruisfontein,-34.0033,24.7314,299.75,70,44,3.45,ZA,1676823835
516,nevel,56.0209,29.9284,271.23,96,93,5.38,RU,1676823835
517,zolotkovo,55.5281,41.1053,266.59,95,100,4.81,RU,1676823836
518,honningsvag,70.9821,25.9704,274.01,93,100,11.83,NO,1676823836
519,saravan,39.7196,45.6483,268.07,85,99,1.57,AM,1676823836
520,cochrane,51.1834,-114.4687,274.73,44,100,8.75,CA,1676823837
521,waipawa,-41.4122,175.5153,286.02,91,25,1.81,NZ,1676823837
522,timmins,48.4669,-81.3331,272.05,80,100,6.17,CA,1676823837
523,lerwick,60.1545,-1.1494,281.15,94,100,12.17,GB,1676823838
524,whitehorse,60.7161,-135.0538,267.09,88,100,3.6,CA,1676823737
525,kupang,-10.1667,123.5833,298.47,100,20,0.51,ID,1676823838
526,padang,-0.9492,100.3543,298.18,88,99,1.84,ID,1676823838
527,la rioja,42.25,-2.5,287.03,37,14,2.08,ES,1676823839
528,bubaque,11.2833,-15.8333,296.63,71,32,4.8,GW,1676823840
529,treinta y tres,-33.2333,-54.3833,299.07,19,67,3.92,UY,1676823840
530,qaqortoq,60.7167,-46.0333,266.72,70,100,3.18,GL,1676823840
531,minot,48.2325,-101.2963,264.27,79,100,2.57,US,1676823827
532,ocean city,39.2776,-74.5746,282.69,73,99,2.68,US,1676823841
533,coihaique,-45.5752,-72.0662,288.49,38,40,3.09,CL,1676823599
534,jerez,14.1,-89.75,300.4,44,0,5.14,GT,1676823841
535,mudu,31.252,120.5118,277.73,60,51,3.24,CN,1676823842
536,hovd,48.0056,91.6419,258.04,86,100,0.07,MN,1676823842
537,zhigansk,66.7697,123.3711,235.91,100,50,3.96,RU,1676823843
538,varberg,57.1056,12.2508,280.6,89,96,10.75,SE,1676823844
539,murgab,37.4966,61.9714,284.08,71,0,2.06,TM,1676823845
540,bahia blanca,-38.7196,-62.2724,300.44,26,0,12.35,AR,1676823609
541,airai,-8.9266,125.4092,289.18,93,97,0.62,TL,1676823848
542,mahina,-17.5065,-149.489,297.02,83,20,0.51,PF,1676823849
543,gornozavodsk,58.3758,58.3211,254.93,98,95,2.04,RU,1676823854
544,prieska,-29.6641,22.7474,305.6,13,3,10.91,ZA,1676823855
545,kloulklubed,7.0419,134.2556,297.43,75,68,7.43,PW,1676823856
546,mocuba,-16.8392,36.9856,300.34,78,69,1.48,MZ,1676823856
547,ornskoldsvik,63.2909,18.7153,273.68,86,100,2.06,SE,1676823857
548,camacupa,-12.0167,17.4833,294.28,77,96,3.2,AO,1676823858
549,porbandar,21.6422,69.6093,298.37,50,15,4.34,IN,1676823858
550,svetlyy,54.675,20.1347,276.18,61,2,8.21,RU,1676823858
551,nador,35.174,-2.9287,291.19,88,40,2.57,MA,1676823861
552,santos reyes nopala,16.1092,-97.1561,299.8,32,0,0.91,MX,1676823862
553,grand-santi,4.25,-54.3833,297.55,92,100,1.76,GF,1676823862
554,kismayo,-0.3582,42.5454,298.24,81,89,8.16,SO,1676823864
555,port macquarie,-31.4333,152.9167,291.98,84,80,3.6,AU,1676823864
556,cancun,21.1743,-86.8466,299.11,78,75,3.6,MX,1676823150
557,bolekhiv,49.0661,23.8643,274.62,99,100,4.25,UA,1676823865
558,vestmannaeyjar,63.4427,-20.2734,276.7,93,100,25.72,IS,1676823865
559,tazmalt,36.3868,4.3989,293.56,31,74,1.27,DZ,1676823866
560,lodja,-3.4833,23.4333,301.94,51,99,1.18,CD,1676823866
561,shwebo,22.5667,95.7,297.34,35,0,1.46,MM,1676823867
562,ifanadiana,-21.3,47.6333,295.16,93,31,0.67,MG,1676823867
563,saint-augustin,51.226,-58.6502,265.62,70,33,3.81,CA,1676823868
564,inirida,3.8653,-67.9239,305.71,43,17,1.13,CO,1676823868
565,bara,10.3744,10.7288,305.03,12,1,5.39,NG,1676823869
566,halmstad,56.6745,12.8568,278.72,81,100,7.72,SE,1676823869
567,touros,-5.1989,-35.4608,303.39,59,100,5.76,BR,1676823870
568,nouadhibou,20.931,-17.0347,296.14,56,43,6.69,MR,1676823870
569,baryshivka,50.361,31.3217,275.2,77,100,3.74,UA,1676823871
570,dunedin,-45.8742,170.5036,288.6,81,84,1.79,NZ,1676823829
571,playas,-2.6333,-80.3833,300.88,71,70,3.53,EC,1676823872
572,okhansk,57.7186,55.3877,252.62,100,75,1.3,RU,1676823873
573,lorica,9.2365,-75.8135,305.14,38,39,3.01,CO,1676823874
574,severnoye,56.3491,78.3619,254.71,98,53,3.32,RU,1676823874
575,fort-shevchenko,44.5086,50.263,277.56,88,100,4.55,KZ,1676823875
576,grong,64.4654,12.3149,273.75,88,100,5.46,NO,1676823876
577,coahuayana,18.7333,-103.6833,303.5,32,1,0.8,MX,1676823876
578,rimavska sobota,48.3828,20.0224,280.95,76,77,4.85,SK,1676823877
579,lisakovsk,52.5369,62.4936,260.9,98,99,2.82,KZ,1676823877
